Country,State,Timestamp,SensorID,Latitude,Longitude,Temperature,QualityFlag
Australia,Victoria,2015-01-01,S1000,-7.3352,-59.8649,29.35,GOOD
Australia,Queensland,2015-01-02,S1001,-89.8598,177.1962,20.08,GOOD
India,Maharashtra,2015-01-03,S1002,-37.414,-48.1097,4.1,GOOD
USA,Texas,2015-01-04,S1003,16.6346,-163.2779,32.6,GOOD
Australia,New South Wales,2015-01-05,S1004,-68.0331,-1.7363,20.2,GOOD
Australia,New South Wales,2015-01-06,S1005,-33.892,7.2245,32.58,GOOD
USA,Texas,2015-01-07,S1006,12.6799,7.5003,7.57,GOOD
USA,California,2015-01-08,S1007,-25.7844,-78.8636,16.65,GOOD
India,Delhi,2015-01-09,S1008,-37.1721,-174.9313,,GOOD
Australia,Victoria,2015-01-10,S1009,76.7342,54.3877,20.89,GOOD
Australia,Victoria,2015-01-11,S1010,41.3291,49.5207,12.93,GOOD
Australia,New South Wales,2015-01-12,S1011,46.9413,22.0598,33.8,GOOD
Australia,Queensland,2015-01-13,S1012,-84.3427,49.1077,51.98,GOOD
India,Maharashtra,2015-01-14,S1013,-53.449,159.4273,17.64,GOOD
Australia,New South Wales,2015-01-15,S1014,-7.8238,-101.3614,30.64,GOOD
USA,Texas,2015-01-16,S1015,-32.7594,-140.3813,27.89,GOOD
India,Karnataka,2015-01-17,S1016,-14.866,-100.0412,35.19,GOOD
Australia,Queensland,2015-01-18,S1017,3.3823,73.0868,22.66,BAD
India,Maharashtra,2015-01-19,S1018,19.7216,0.9644,24.85,GOOD
USA,New York,2015-01-20,S1019,-63.9189,-3.797,11.61,BAD
USA,New York,2015-01-21,S1020,23.815,48.0707,34.14,GOOD
Australia,New South Wales,2015-01-22,S1021,-56.4267,-165.3209,31.02,GOOD
Australia,New South Wales,2015-01-23,S1022,-18.437,6.3905,32.1,GOOD
India,Karnataka,2015-01-24,S1023,67.9211,-87.141,29.84,GOOD
USA,California,2015-01-25,S1024,68.8745,-112.0654,11.32,BAD
India,Karnataka,2015-01-26,S1025,-17.1885,139.5972,25.95,GOOD
Australia,Victoria,2015-01-27,S1026,34.5411,54.7061,,GOOD
India,Delhi,2015-01-28,S1027,-24.0356,87.9014,,GOOD
Australia,Victoria,2015-01-29,S1028,16.1768,172.4014,28.34,GOOD
Australia,Queensland,2015-01-30,S1029,26.1186,60.8127,9.91,GOOD
India,Delhi,2015-01-31,S1030,89.0191,-10.82,24.96,GOOD
USA,California,2015-02-01,S1031,-30.4649,18.9954,12.43,GOOD
Australia,New South Wales,2015-02-02,S1032,-18.9555,123.9167,17.4,GOOD
Australia,Queensland,2015-02-03,S1033,-64.7849,6.5987,20.22,GOOD
USA,Texas,2015-02-04,S1034,55.685,111.6408,31.98,GOOD
India,Delhi,2015-02-05,S1035,-55.0307,-154.4613,33.53,GOOD
USA,Texas,2015-02-06,S1036,-83.5304,-12.3847,22.48,GOOD
Australia,Queensland,2015-02-07,S1037,-83.2773,116.1362,31.07,GOOD
USA,New York,2015-02-08,S1038,-74.6375,-161.3946,25.51,GOOD
USA,New York,2015-02-09,S1039,84.5166,77.2542,16.38,GOOD
Australia,Victoria,2015-02-10,S1040,-75.4429,-25.8068,14.54,GOOD
India,Delhi,2015-02-11,S1041,8.8608,77.2545,9.08,GOOD
India,Delhi,2015-02-12,S1042,-81.4111,23.7734,27.17,GOOD
Australia,Victoria,2015-02-13,S1043,-73.0517,-67.8912,42.96,GOOD
USA,California,2015-02-14,S1044,-11.9067,-36.5383,17.58,GOOD
USA,Texas,2015-02-15,S1045,22.6548,1.1291,24.52,GOOD
India,Delhi,2015-02-16,S1046,24.5526,108.3417,32.78,BAD
USA,New York,2015-02-17,S1047,79.4637,-41.0031,37.36,GOOD
India,Maharashtra,2015-02-18,S1048,21.2857,-58.8405,19.65,GOOD
USA,California,2015-02-19,S1049,-39.2661,-137.4607,18.06,GOOD
India,Maharashtra,2015-02-20,S1050,-58.0609,90.2213,32.2,GOOD
Australia,Victoria,2015-02-21,S1051,14.4979,132.162,27.46,GOOD
India,Delhi,2015-02-22,S1052,-0.619,-39.7375,34.15,GOOD
India,Karnataka,2015-02-23,S1053,62.4858,-52.2341,31.86,GOOD
USA,New York,2015-02-24,S1054,-30.8404,62.1066,25.78,GOOD
India,Karnataka,2015-02-25,S1055,85.3647,178.5352,29.76,GOOD
USA,California,2015-02-26,S1056,60.6535,132.0727,27.6,BAD
USA,New York,2015-02-27,S1057,70.5414,-127.2223,38.4,GOOD
India,Delhi,2015-02-28,S1058,73.3849,33.0799,28.56,GOOD
USA,New York,2015-03-01,S1059,-45.2297,-61.1091,13.31,GOOD
USA,New York,2015-03-02,S1060,58.1023,87.9162,20.41,GOOD
Australia,Victoria,2015-03-03,S1061,-75.0796,10.2132,13.06,GOOD
India,Maharashtra,2015-03-04,S1062,-44.4618,70.348,9.83,BAD
India,Maharashtra,2015-03-05,S1063,89.2496,70.893,29.79,GOOD
Australia,New South Wales,2015-03-06,S1064,-26.3966,30.1162,42.52,GOOD
India,Delhi,2015-03-07,S1065,-39.6426,-31.9656,18.53,GOOD
India,Delhi,2015-03-08,S1066,67.7991,18.5716,24.02,BAD
India,Karnataka,2015-03-09,S1067,87.3515,-44.374,30.19,GOOD
USA,New York,2015-03-10,S1068,-65.9066,-175.0781,34.23,GOOD
Australia,Queensland,2015-03-11,S1069,74.3698,30.6538,22.0,GOOD
India,Delhi,2015-03-12,S1070,-40.5483,-105.398,19.85,GOOD
India,Delhi,2015-03-13,S1071,-86.0067,-0.6605,35.85,GOOD
USA,Texas,2015-03-14,S1072,52.5272,32.3841,20.86,BAD
Australia,New South Wales,2015-03-15,S1073,54.908,145.1344,32.14,GOOD
USA,Texas,2015-03-16,S1074,8.5403,-17.6722,37.88,GOOD
Australia,Queensland,2015-03-17,S1075,-63.5268,153.5715,35.19,GOOD
USA,California,2015-03-18,S1076,24.0122,-93.5476,22.75,GOOD
Australia,New South Wales,2015-03-19,S1077,-65.0111,50.7149,11.68,GOOD
India,Karnataka,2015-03-20,S1078,57.9223,-55.7703,25.35,GOOD
USA,California,2015-03-21,S1079,-25.9215,141.9182,33.59,GOOD
India,Maharashtra,2015-03-22,S1080,2.0983,-123.488,15.25,GOOD
India,Delhi,2015-03-23,S1081,-56.7862,-104.6342,15.72,GOOD
Australia,Queensland,2015-03-24,S1082,-63.407,-132.0779,31.15,GOOD
Australia,New South Wales,2015-03-25,S1083,66.0987,-52.5072,18.76,GOOD
Australia,New South Wales,2015-03-26,S1084,-73.9432,12.7208,27.35,GOOD
India,Delhi,2015-03-27,S1085,26.7881,-7.3504,21.09,GOOD
Australia,Queensland,2015-03-28,S1086,-24.6452,52.5302,37.18,GOOD
USA,New York,2015-03-29,S1087,-47.2992,-143.3583,29.31,BAD
USA,Texas,2015-03-30,S1088,71.4178,-151.1159,19.79,GOOD
Australia,New South Wales,2015-03-31,S1089,-18.386,169.0094,21.1,BAD
Australia,Queensland,2015-04-01,S1090,6.3066,-8.417,24.93,GOOD
India,Delhi,2015-04-02,S1091,1.3699,-92.7325,28.61,GOOD
Australia,Victoria,2015-04-03,S1092,5.8661,-161.3435,12.81,GOOD
USA,Texas,2015-04-04,S1093,33.2229,-148.3675,31.38,GOOD
Australia,Victoria,2015-04-05,S1094,44.2754,-32.9334,44.12,GOOD
India,Karnataka,2015-04-06,S1095,43.4017,26.8103,20.16,GOOD
India,Karnataka,2015-04-07,S1096,29.7355,8.3036,20.24,GOOD
India,Delhi,2015-04-08,S1097,38.4808,143.8803,29.71,GOOD
India,Maharashtra,2015-04-09,S1098,5.7343,-156.0171,6.39,GOOD
Australia,New South Wales,2015-04-10,S1099,-29.717,-129.8621,37.09,BAD
Australia,New South Wales,2015-04-11,S1100,-33.89,-90.5439,30.06,GOOD
Australia,Victoria,2015-04-12,S1101,67.8178,-56.8506,43.17,GOOD
USA,California,2015-04-13,S1102,40.0055,79.2132,22.84,GOOD
Australia,New South Wales,2015-04-14,S1103,-27.7747,-114.6248,17.17,GOOD
USA,Texas,2015-04-15,S1104,-64.9591,-143.7139,21.74,GOOD
India,Karnataka,2015-04-16,S1105,75.3751,104.4305,13.38,GOOD
India,Karnataka,2015-04-17,S1106,78.1861,153.2047,27.0,GOOD
Australia,Victoria,2015-04-18,S1107,-67.5607,151.5031,15.88,BAD
Australia,Queensland,2015-04-19,S1108,54.5136,-178.3325,45.31,GOOD
India,Karnataka,2015-04-20,S1109,-27.6577,-55.0968,29.19,GOOD
USA,New York,2015-04-21,S1110,-0.2938,-29.1868,12.98,GOOD
India,Delhi,2015-04-22,S1111,-51.7175,5.4625,22.91,GOOD
India,Delhi,2015-04-23,S1112,17.1693,-155.8525,22.85,BAD
Australia,New South Wales,2015-04-24,S1113,-55.6762,-166.8421,16.15,GOOD
USA,New York,2015-04-25,S1114,-62.0568,-114.5059,36.11,GOOD
India,Karnataka,2015-04-26,S1115,25.9199,-32.8557,3.73,GOOD
Australia,New South Wales,2015-04-27,S1116,-48.4065,61.8814,28.88,GOOD
India,Maharashtra,2015-04-28,S1117,10.2099,79.4927,18.82,GOOD
Australia,Queensland,2015-04-29,S1118,-16.8494,-63.3636,35.0,BAD
USA,New York,2015-04-30,S1119,-67.9002,135.5199,28.36,GOOD
India,Maharashtra,2015-05-01,S1120,22.3468,-32.6118,15.07,GOOD
USA,California,2015-05-02,S1121,47.449,-129.5593,18.47,GOOD
USA,Texas,2015-05-03,S1122,-41.6381,14.9883,32.77,
India,Delhi,2015-05-04,S1123,87.1924,9.2485,24.75,GOOD
India,Maharashtra,2015-05-05,S1124,-52.8442,-176.0415,11.96,GOOD
India,Karnataka,2015-05-06,S1125,18.093,59.4132,29.41,GOOD
Australia,Queensland,2015-05-07,S1126,-60.069,85.6921,23.74,GOOD
Australia,Victoria,2015-05-08,S1127,-38.0351,-51.9578,31.45,GOOD
India,Karnataka,2015-05-09,S1128,41.863,-102.6215,29.59,GOOD
Australia,New South Wales,2015-05-10,S1129,17.4317,-59.6722,10.97,GOOD
USA,Texas,2015-05-11,S1130,57.4384,107.7897,24.72,GOOD
Australia,Queensland,2015-05-12,S1131,55.3374,166.3556,,GOOD
India,Maharashtra,2015-05-13,S1132,25.0109,93.2529,26.74,BAD
India,Maharashtra,2015-05-14,S1133,26.3997,69.5431,40.57,BAD
India,Delhi,2015-05-15,S1134,-4.8222,-67.3723,22.52,BAD
Australia,Victoria,2015-05-16,S1135,-14.0827,106.3231,25.93,GOOD
Australia,Queensland,2015-05-17,S1136,-24.3545,21.8438,24.46,GOOD
India,Maharashtra,2015-05-18,S1137,-17.1926,26.074,19.69,GOOD
India,Delhi,2015-05-19,S1138,-14.8489,-13.7006,34.84,GOOD
USA,Texas,2015-05-20,S1139,77.8662,-154.7893,,GOOD
USA,California,2015-05-21,S1140,87.135,96.5784,20.86,GOOD
India,Karnataka,2015-05-22,S1141,-70.1147,-52.336,36.27,GOOD
USA,Texas,2015-05-23,S1142,-13.0008,-41.6424,16.97,GOOD
Australia,Queensland,2015-05-24,S1143,86.8195,138.3116,18.86,GOOD
Australia,Queensland,2015-05-25,S1144,26.9364,38.7852,16.02,GOOD
India,Maharashtra,2015-05-26,S1145,-56.4411,100.6504,28.06,GOOD
USA,California,2015-05-27,S1146,-49.6007,-99.4257,36.36,GOOD
Australia,Victoria,2015-05-28,S1147,67.943,-84.384,20.43,GOOD
India,Delhi,2015-05-29,S1148,-44.5232,-178.1704,24.45,GOOD
Australia,Victoria,2015-05-30,S1149,-70.2956,142.0128,23.5,GOOD
India,Delhi,2015-05-31,S1150,65.6087,84.2076,32.26,GOOD
Australia,Victoria,2015-06-01,S1151,-47.0358,154.8325,25.29,GOOD
Australia,New South Wales,2015-06-02,S1152,58.647,-133.6068,19.81,
Australia,Victoria,2015-06-03,S1153,59.7842,2.6884,28.84,GOOD
Australia,Queensland,2015-06-04,S1154,24.121,14.3947,31.54,GOOD
Australia,Queensland,2015-06-05,S1155,61.2219,-38.8256,13.08,GOOD
Australia,Queensland,2015-06-06,S1156,-60.052,97.5543,31.16,GOOD
India,Maharashtra,2015-06-07,S1157,63.4346,176.4534,30.41,GOOD
Australia,Victoria,2015-06-08,S1158,57.8723,-46.1399,41.16,GOOD
Australia,New South Wales,2015-06-09,S1159,89.4824,-26.5747,19.08,GOOD
India,Delhi,2015-06-10,S1160,32.4899,55.624,28.52,GOOD
Australia,New South Wales,2015-06-11,S1161,79.8509,-28.8982,20.98,GOOD
Australia,Queensland,2015-06-12,S1162,44.2507,-107.8707,22.25,GOOD
India,Delhi,2015-06-13,S1163,7.7819,-122.6715,37.39,GOOD
India,Delhi,2015-06-14,S1164,74.1305,168.3041,,GOOD
USA,New York,2015-06-15,S1165,33.4018,-25.0899,5.15,GOOD
USA,California,2015-06-16,S1166,87.1833,-126.151,28.56,GOOD
India,Maharashtra,2015-06-17,S1167,39.9398,56.5142,17.04,GOOD
India,Delhi,2015-06-18,S1168,-86.6938,-6.3517,32.52,GOOD
India,Maharashtra,2015-06-19,S1169,6.1636,137.7121,31.77,BAD
USA,California,2015-06-20,S1170,34.7749,115.7187,21.23,BAD
USA,New York,2015-06-21,S1171,71.3198,34.1196,33.6,BAD
India,Karnataka,2015-06-22,S1172,51.0161,40.4129,12.73,BAD
Australia,New South Wales,2015-06-23,S1173,51.0899,-6.8746,31.89,GOOD
Australia,Victoria,2015-06-24,S1174,-3.7298,41.6671,23.22,GOOD
Australia,New South Wales,2015-06-25,S1175,-11.942,-164.2818,15.28,GOOD
USA,Texas,2015-06-26,S1176,-54.0824,64.8822,17.53,BAD
India,Maharashtra,2015-06-27,S1177,66.2891,81.7809,31.03,GOOD
India,Delhi,2015-06-28,S1178,14.1616,-22.0984,15.19,GOOD
India,Maharashtra,2015-06-29,S1179,-14.0902,-80.342,13.29,GOOD
Australia,Queensland,2015-06-30,S1180,73.6259,-115.3141,36.81,GOOD
USA,Texas,2015-07-01,S1181,-11.3102,-144.9384,36.04,GOOD
India,Karnataka,2015-07-02,S1182,-33.8133,-36.3435,37.34,GOOD
Australia,Victoria,2015-07-03,S1183,-18.6012,-94.67,,GOOD
Australia,New South Wales,2015-07-04,S1184,-63.7638,-18.2038,23.8,GOOD
Australia,Victoria,2015-07-05,S1185,18.9969,-51.5765,32.96,GOOD
India,Delhi,2015-07-06,S1186,-69.8545,-82.8901,28.06,GOOD
USA,California,2015-07-07,S1187,-68.0202,-17.2083,28.44,BAD
India,Karnataka,2015-07-08,S1188,83.7214,-178.2216,25.63,GOOD
USA,California,2015-07-09,S1189,2.8073,-4.0152,9.01,GOOD
USA,New York,2015-07-10,S1190,31.0684,-20.2499,17.49,BAD
India,Karnataka,2015-07-11,S1191,80.0306,65.9693,30.15,GOOD
USA,Texas,2015-07-12,S1192,34.1148,63.5448,32.7,GOOD
Australia,New South Wales,2015-07-13,S1193,-70.8133,56.8243,27.46,GOOD
USA,Texas,2015-07-14,S1194,-38.0366,-140.7205,31.42,GOOD
USA,California,2015-07-15,S1195,72.2476,136.0408,21.81,BAD
Australia,New South Wales,2015-07-16,S1196,23.4376,39.5394,22.44,GOOD
Australia,Victoria,2015-07-17,S1197,8.2236,-20.009,32.59,GOOD
USA,Texas,2015-07-18,S1198,7.6255,162.5323,15.49,GOOD
USA,Texas,2015-07-19,S1199,-63.1815,9.5846,27.5,GOOD
Australia,New South Wales,2015-07-20,S1200,58.0308,-24.8896,33.18,GOOD
Australia,Victoria,2015-07-21,S1201,-79.1519,156.397,7.51,GOOD
USA,New York,2015-07-22,S1202,54.5447,14.0981,24.73,GOOD
USA,Texas,2015-07-23,S1203,-68.0605,-114.7862,17.4,GOOD
Australia,Queensland,2015-07-24,S1204,75.1954,-27.1701,20.68,GOOD
USA,New York,2015-07-25,S1205,-69.7852,-179.0698,29.11,GOOD
USA,Texas,2015-07-26,S1206,-25.0609,146.1208,45.37,GOOD
India,Maharashtra,2015-07-27,S1207,63.2114,61.7129,28.3,GOOD
India,Maharashtra,2015-07-28,S1208,66.4667,-9.7589,20.46,GOOD
India,Delhi,2015-07-29,S1209,-52.8865,49.6659,28.46,GOOD
India,Maharashtra,2015-07-30,S1210,31.6514,-20.6219,20.62,GOOD
India,Karnataka,2015-07-31,S1211,57.3673,37.159,26.31,GOOD
USA,Texas,2015-08-01,S1212,-17.7862,-47.8958,26.35,GOOD
USA,California,2015-08-02,S1213,30.5285,-154.8246,27.01,GOOD
India,Maharashtra,2015-08-03,S1214,-80.579,-43.7485,38.52,GOOD
USA,California,2015-08-04,S1215,14.4855,-148.0437,31.96,GOOD
India,Delhi,2015-08-05,S1216,57.9252,-179.5548,35.49,GOOD
Australia,Queensland,2015-08-06,S1217,88.647,153.7203,30.56,GOOD
India,Delhi,2015-08-07,S1218,19.5276,2.4618,19.81,GOOD
USA,California,2015-08-08,S1219,-25.1754,-148.4486,27.19,GOOD
Australia,Victoria,2015-08-09,S1220,2.8223,150.9811,10.31,GOOD
Australia,New South Wales,2015-08-10,S1221,77.5071,-138.1081,29.06,GOOD
USA,California,2015-08-11,S1222,-35.1578,-150.8691,32.35,GOOD
India,Karnataka,2015-08-12,S1223,85.6098,50.7499,22.68,GOOD
India,Maharashtra,2015-08-13,S1224,0.4619,-36.4813,24.8,GOOD
India,Delhi,2015-08-14,S1225,-65.6701,166.7214,31.54,
India,Karnataka,2015-08-15,S1226,21.5258,54.0724,1.89,GOOD
Australia,New South Wales,2015-08-16,S1227,-79.5305,178.1519,27.35,GOOD
India,Karnataka,2015-08-17,S1228,34.589,-157.575,20.49,GOOD
Australia,Victoria,2015-08-18,S1229,28.0303,125.2857,21.71,GOOD
USA,New York,2015-08-19,S1230,-3.3057,-116.3206,21.54,GOOD
India,Maharashtra,2015-08-20,S1231,-14.6555,104.5216,35.62,GOOD
India,Maharashtra,2015-08-21,S1232,23.2738,-108.4117,17.05,GOOD
India,Delhi,2015-08-22,S1233,26.2962,-0.2398,29.64,GOOD
Australia,Victoria,2015-08-23,S1234,-22.3401,-37.9885,15.46,GOOD
USA,Texas,2015-08-24,S1235,51.6426,-66.4535,24.68,GOOD
India,Maharashtra,2015-08-25,S1236,-6.9341,49.3925,12.21,GOOD
USA,New York,2015-08-26,S1237,-8.8885,137.6854,21.75,GOOD
India,Delhi,2015-08-27,S1238,54.3835,-142.0677,20.17,GOOD
India,Delhi,2015-08-28,S1239,88.4859,169.47,24.39,GOOD
Australia,New South Wales,2015-08-29,S1240,-77.6317,-27.2531,20.11,GOOD
Australia,Victoria,2015-08-30,S1241,-21.2509,-105.9526,34.56,GOOD
India,Maharashtra,2015-08-31,S1242,-32.0012,-134.9159,23.31,GOOD
Australia,Queensland,2015-09-01,S1243,56.1186,56.3323,24.06,GOOD
Australia,Queensland,2015-09-02,S1244,-10.9071,40.6582,29.45,GOOD
USA,Texas,2015-09-03,S1245,-87.7113,177.2695,23.32,GOOD
USA,Texas,2015-09-04,S1246,41.1283,99.5211,23.66,GOOD
Australia,Queensland,2015-09-05,S1247,41.0305,-141.1403,27.26,GOOD
India,Karnataka,2015-09-06,S1248,43.8163,40.2986,15.43,GOOD
USA,New York,2015-09-07,S1249,67.8849,-23.8318,24.68,GOOD
USA,Texas,2015-09-08,S1250,41.9528,41.7548,23.33,GOOD
Australia,Queensland,2015-09-09,S1251,-89.0587,93.9567,18.2,GOOD
USA,California,2015-09-10,S1252,0.369,-135.1029,31.19,GOOD
Australia,Victoria,2015-09-11,S1253,-65.1919,58.6951,33.98,GOOD
USA,New York,2015-09-12,S1254,25.6186,-156.6527,34.33,GOOD
USA,New York,2015-09-13,S1255,17.8864,36.7724,20.42,GOOD
Australia,Victoria,2015-09-14,S1256,-52.2284,117.047,17.06,GOOD
Australia,Victoria,2015-09-15,S1257,-74.0519,-100.5797,28.09,GOOD
Australia,New South Wales,2015-09-16,S1258,-0.6901,-115.8291,31.18,GOOD
Australia,Queensland,2015-09-17,S1259,81.0563,-106.9429,32.06,GOOD
India,Maharashtra,2015-09-18,S1260,-12.6618,134.1829,26.13,BAD
India,Delhi,2015-09-19,S1261,37.0834,47.2214,10.85,GOOD
USA,New York,2015-09-20,S1262,-39.1058,-163.9458,22.81,
USA,New York,2015-09-21,S1263,-41.049,93.3834,17.01,BAD
USA,California,2015-09-22,S1264,5.8357,-32.0056,20.79,BAD
Australia,Queensland,2015-09-23,S1265,83.411,21.6605,24.89,GOOD
Australia,Victoria,2015-09-24,S1266,-43.8246,55.5029,24.12,GOOD
USA,California,2015-09-25,S1267,19.5349,-54.1777,20.17,GOOD
India,Delhi,2015-09-26,S1268,4.2104,-138.6832,21.59,GOOD
USA,Texas,2015-09-27,S1269,20.322,-98.5871,20.67,GOOD
USA,California,2015-09-28,S1270,65.1576,-14.3416,16.24,GOOD
Australia,Queensland,2015-09-29,S1271,-25.9248,172.1023,23.26,GOOD
Australia,New South Wales,2015-09-30,S1272,45.7394,-173.5396,7.93,GOOD
India,Karnataka,2015-10-01,S1273,-8.7769,174.5963,24.71,GOOD
USA,California,2015-10-02,S1274,28.2204,115.9571,32.06,GOOD
USA,New York,2015-10-03,S1275,4.1993,-76.6303,24.38,BAD
India,Delhi,2015-10-04,S1276,-61.5681,70.5237,34.51,BAD
USA,New York,2015-10-05,S1277,-59.6062,2.5384,29.29,GOOD
India,Karnataka,2015-10-06,S1278,68.8349,109.2973,17.36,GOOD
USA,New York,2015-10-07,S1279,30.2256,48.4817,28.39,GOOD
USA,Texas,2015-10-08,S1280,39.4837,140.4929,,GOOD
USA,Texas,2015-10-09,S1281,57.4314,14.6858,22.96,GOOD
Australia,Victoria,2015-10-10,S1282,59.0849,-59.3251,35.54,GOOD
USA,California,2015-10-11,S1283,-14.3786,145.9296,24.06,GOOD
Australia,New South Wales,2015-10-12,S1284,55.1153,123.7454,28.58,GOOD
Australia,New South Wales,2015-10-13,S1285,-33.3145,-178.6258,15.29,GOOD
Australia,New South Wales,2015-10-14,S1286,-28.7316,131.8991,28.76,GOOD
Australia,Queensland,2015-10-15,S1287,-16.5049,93.3295,16.95,GOOD
India,Karnataka,2015-10-16,S1288,-19.8433,-43.379,27.26,GOOD
USA,California,2015-10-17,S1289,-70.0703,-27.8826,30.97,GOOD
India,Maharashtra,2015-10-18,S1290,45.7131,109.7664,23.23,GOOD
India,Karnataka,2015-10-19,S1291,5.8817,48.6321,28.37,GOOD
USA,Texas,2015-10-20,S1292,41.4443,35.571,11.4,GOOD
Australia,Queensland,2015-10-21,S1293,-56.6406,-151.5711,29.23,GOOD
India,Maharashtra,2015-10-22,S1294,-69.3121,-146.2114,25.56,GOOD
India,Delhi,2015-10-23,S1295,12.919,6.2807,34.3,GOOD
Australia,Queensland,2015-10-24,S1296,19.2761,47.2707,36.79,GOOD
India,Delhi,2015-10-25,S1297,-47.8468,103.2301,22.18,GOOD
Australia,Queensland,2015-10-26,S1298,-16.7451,140.9328,17.83,BAD
USA,California,2015-10-27,S1299,-47.0058,-10.929,17.55,GOOD
India,Delhi,2015-10-28,S1300,16.3561,13.3227,43.37,GOOD
India,Maharashtra,2015-10-29,S1301,-38.7166,-13.3733,20.95,GOOD
India,Delhi,2015-10-30,S1302,-38.7788,114.5544,21.06,GOOD
India,Karnataka,2015-10-31,S1303,31.5756,-163.8527,14.26,
Australia,Victoria,2015-11-01,S1304,31.4294,-73.178,36.84,GOOD
USA,New York,2015-11-02,S1305,-89.6213,78.326,19.33,GOOD
Australia,New South Wales,2015-11-03,S1306,17.3379,17.8501,31.55,GOOD
India,Delhi,2015-11-04,S1307,-15.7184,52.5946,15.36,GOOD
USA,Texas,2015-11-05,S1308,-62.2221,-118.1345,26.86,GOOD
USA,New York,2015-11-06,S1309,88.4274,115.2045,32.31,GOOD
India,Maharashtra,2015-11-07,S1310,55.4441,-102.2215,5.38,GOOD
India,Karnataka,2015-11-08,S1311,63.3314,-34.5968,37.46,GOOD
India,Karnataka,2015-11-09,S1312,-8.9778,28.5359,33.94,GOOD
India,Karnataka,2015-11-10,S1313,-23.3906,-170.1287,26.05,
India,Karnataka,2015-11-11,S1314,80.396,-57.6832,14.86,GOOD
USA,Texas,2015-11-12,S1315,-16.2668,-67.9617,25.35,GOOD
USA,California,2015-11-13,S1316,-59.8752,169.9291,34.78,GOOD
USA,New York,2015-11-14,S1317,-52.4045,153.2294,25.89,GOOD
Australia,Queensland,2015-11-15,S1318,60.3864,-46.6571,12.14,GOOD
India,Karnataka,2015-11-16,S1319,87.1224,-76.174,17.8,GOOD
Australia,Queensland,2015-11-17,S1320,9.6681,15.0137,12.68,GOOD
USA,California,2015-11-18,S1321,-43.3197,-109.9354,13.11,GOOD
India,Delhi,2015-11-19,S1322,14.4842,-129.8892,14.91,GOOD
Australia,Victoria,2015-11-20,S1323,88.8927,136.9133,18.08,GOOD
USA,California,2015-11-21,S1324,37.9592,146.4994,23.48,GOOD
Australia,New South Wales,2015-11-22,S1325,66.5944,-132.9652,36.52,GOOD
Australia,New South Wales,2015-11-23,S1326,-63.2167,-13.4368,27.15,GOOD
USA,New York,2015-11-24,S1327,11.2881,-21.1595,22.25,GOOD
Australia,New South Wales,2015-11-25,S1328,-10.1779,36.7621,23.23,GOOD
Australia,New South Wales,2015-11-26,S1329,63.7132,-21.9061,30.4,GOOD
India,Delhi,2015-11-27,S1330,-86.5591,-8.3364,23.92,GOOD
India,Maharashtra,2015-11-28,S1331,-36.1088,-50.8624,33.03,GOOD
USA,California,2015-11-29,S1332,31.8278,118.2489,17.85,GOOD
Australia,Queensland,2015-11-30,S1333,43.2857,-128.5739,,GOOD
India,Delhi,2015-12-01,S1334,-76.0231,-33.2845,29.68,GOOD
USA,New York,2015-12-02,S1335,55.4823,161.1677,28.6,GOOD
USA,California,2015-12-03,S1336,53.0128,74.5511,25.24,GOOD
USA,Texas,2015-12-04,S1337,65.4121,-35.5298,29.87,GOOD
Australia,Queensland,2015-12-05,S1338,8.8165,-101.0614,21.25,GOOD
India,Delhi,2015-12-06,S1339,-56.1883,79.1249,19.42,GOOD
USA,Texas,2015-12-07,S1340,38.5115,116.1125,39.4,GOOD
Australia,Queensland,2015-12-08,S1341,39.7179,-35.4796,34.91,GOOD
Australia,Queensland,2015-12-09,S1342,50.943,77.4139,17.29,GOOD
USA,Texas,2015-12-10,S1343,-28.7333,158.5615,32.49,GOOD
India,Karnataka,2015-12-11,S1344,73.296,159.4742,23.64,GOOD
Australia,Victoria,2015-12-12,S1345,-69.1159,-164.775,26.2,BAD
India,Delhi,2015-12-13,S1346,-39.8809,-133.3438,18.26,GOOD
Australia,Victoria,2015-12-14,S1347,25.9469,-162.653,28.28,GOOD
India,Maharashtra,2015-12-15,S1348,-23.6327,-46.8672,25.0,GOOD
Australia,Victoria,2015-12-16,S1349,39.5377,-46.3818,29.81,GOOD
USA,New York,2015-12-17,S1350,-18.9478,155.0906,31.7,GOOD
USA,New York,2015-12-18,S1351,38.3772,-108.2825,35.45,GOOD
India,Karnataka,2015-12-19,S1352,60.3864,-174.7104,20.65,GOOD
India,Maharashtra,2015-12-20,S1353,-15.5443,-2.5687,23.7,GOOD
Australia,Queensland,2015-12-21,S1354,3.4258,63.9152,,GOOD
Australia,New South Wales,2015-12-22,S1355,13.564,-152.5014,31.28,GOOD
Australia,Queensland,2015-12-23,S1356,43.0248,-99.6252,15.99,GOOD
India,Maharashtra,2015-12-24,S1357,8.7088,136.5318,21.25,GOOD
Australia,Victoria,2015-12-25,S1358,-62.581,143.8039,35.1,GOOD
India,Delhi,2015-12-26,S1359,-79.251,61.7912,26.44,GOOD
USA,California,2015-12-27,S1360,49.847,-106.2068,26.5,GOOD
USA,New York,2015-12-28,S1361,14.0937,-127.0934,12.25,GOOD
India,Karnataka,2015-12-29,S1362,40.4966,13.9727,28.51,BAD
Australia,Victoria,2015-12-30,S1363,-0.4838,-97.1097,16.75,GOOD
USA,California,2015-12-31,S1364,-76.2769,-81.1066,25.3,GOOD
USA,Texas,2016-01-01,S1365,-82.098,-120.3301,29.68,GOOD
India,Delhi,2016-01-02,S1366,89.0675,76.2202,21.57,GOOD
USA,Texas,2016-01-03,S1367,16.841,-153.6906,29.71,GOOD
USA,Texas,2016-01-04,S1368,39.2996,-90.9575,28.41,GOOD
India,Karnataka,2016-01-05,S1369,48.8928,-0.3976,25.15,GOOD
India,Delhi,2016-01-06,S1370,-72.8281,-25.6673,15.0,GOOD
India,Delhi,2016-01-07,S1371,-38.0007,-36.7788,29.84,GOOD
Australia,Queensland,2016-01-08,S1372,81.1671,27.7641,19.81,GOOD
USA,California,2016-01-09,S1373,-25.4559,56.3872,35.57,GOOD
USA,California,2016-01-10,S1374,-58.4601,132.0373,25.11,GOOD
India,Delhi,2016-01-11,S1375,14.416,6.0114,17.37,GOOD
USA,New York,2016-01-12,S1376,-14.4994,100.9316,17.81,BAD
USA,New York,2016-01-13,S1377,-36.775,33.7689,14.36,GOOD
USA,Texas,2016-01-14,S1378,-30.2056,69.7025,25.09,GOOD
USA,New York,2016-01-15,S1379,-37.7947,155.1636,30.68,GOOD
Australia,Queensland,2016-01-16,S1380,40.1631,-107.7983,38.35,GOOD
Australia,Queensland,2016-01-17,S1381,-80.6578,-111.1973,,GOOD
USA,New York,2016-01-18,S1382,-31.4469,76.5437,34.74,GOOD
Australia,New South Wales,2016-01-19,S1383,55.2048,174.549,31.56,GOOD
USA,California,2016-01-20,S1384,-86.2792,-83.1529,15.63,GOOD
USA,California,2016-01-21,S1385,-24.8922,161.7151,26.14,GOOD
Australia,Victoria,2016-01-22,S1386,85.0356,-18.4271,26.38,GOOD
USA,New York,2016-01-23,S1387,35.0272,82.4332,16.53,GOOD
USA,California,2016-01-24,S1388,86.1346,128.3534,31.71,GOOD
Australia,Victoria,2016-01-25,S1389,-0.6734,-43.0136,20.06,GOOD
Australia,Queensland,2016-01-26,S1390,10.6165,0.3916,27.05,GOOD
USA,California,2016-01-27,S1391,-34.4098,-6.3848,22.41,GOOD
India,Maharashtra,2016-01-28,S1392,-34.2382,-75.5836,7.77,GOOD
USA,New York,2016-01-29,S1393,78.3535,126.2449,33.78,GOOD
Australia,New South Wales,2016-01-30,S1394,-19.6772,-111.086,14.24,
India,Maharashtra,2016-01-31,S1395,-77.6964,102.1535,30.46,GOOD
USA,Texas,2016-02-01,S1396,80.0007,51.0244,39.51,GOOD
USA,New York,2016-02-02,S1397,45.1692,-143.5058,19.74,GOOD
India,Maharashtra,2016-02-03,S1398,86.2124,19.9784,24.78,GOOD
USA,Texas,2016-02-04,S1399,-76.6724,37.9738,22.86,GOOD
USA,California,2016-02-05,S1400,17.1647,-118.0402,30.94,GOOD
Australia,Queensland,2016-02-06,S1401,-7.556,-146.8457,35.92,GOOD
USA,Texas,2016-02-07,S1402,30.9701,30.0805,36.0,GOOD
Australia,New South Wales,2016-02-08,S1403,-70.937,-124.2617,32.64,GOOD
Australia,New South Wales,2016-02-09,S1404,32.4201,-33.0654,29.41,GOOD
India,Delhi,2016-02-10,S1405,82.3646,-36.3473,27.72,GOOD
India,Maharashtra,2016-02-11,S1406,-11.9551,-146.6548,29.52,
Australia,Victoria,2016-02-12,S1407,-11.8074,80.4412,16.84,GOOD
USA,New York,2016-02-13,S1408,-73.5495,-108.2627,39.0,GOOD
Australia,New South Wales,2016-02-14,S1409,-51.4068,-82.5097,36.05,GOOD
USA,New York,2016-02-15,S1410,81.2683,121.8571,38.64,GOOD
USA,New York,2016-02-16,S1411,-53.9492,42.0421,22.59,BAD
India,Karnataka,2016-02-17,S1412,15.2008,13.7995,26.23,GOOD
India,Delhi,2016-02-18,S1413,-8.2178,46.889,38.7,GOOD
Australia,New South Wales,2016-02-19,S1414,-78.4789,116.9076,20.15,GOOD
USA,New York,2016-02-20,S1415,-16.6261,-10.9708,38.76,GOOD
Australia,Victoria,2016-02-21,S1416,-61.1167,-154.6229,21.06,GOOD
USA,California,2016-02-22,S1417,-9.6838,110.104,36.55,GOOD
India,Karnataka,2016-02-23,S1418,52.0727,-69.1935,48.59,GOOD
Australia,Victoria,2016-02-24,S1419,79.4017,135.475,34.96,GOOD
India,Delhi,2016-02-25,S1420,31.8493,121.647,33.52,GOOD
Australia,New South Wales,2016-02-26,S1421,-7.3459,-32.0063,7.88,GOOD
USA,New York,2016-02-27,S1422,52.0978,-73.1568,2.91,GOOD
USA,California,2016-02-28,S1423,68.6992,-136.2617,21.67,GOOD
Australia,New South Wales,2016-02-29,S1424,-19.6141,-95.6868,25.85,GOOD
Australia,Queensland,2016-03-01,S1425,-15.1605,-25.58,12.78,GOOD
Australia,New South Wales,2016-03-02,S1426,66.6949,47.3108,33.69,GOOD
Australia,Victoria,2016-03-03,S1427,-10.9628,172.9568,33.44,GOOD
India,Karnataka,2016-03-04,S1428,49.7681,40.0812,27.33,GOOD
Australia,Victoria,2016-03-05,S1429,-50.0579,77.2709,21.6,GOOD
India,Maharashtra,2016-03-06,S1430,-2.683,-59.8938,27.25,GOOD
India,Karnataka,2016-03-07,S1431,68.8608,-12.1285,39.07,GOOD
India,Maharashtra,2016-03-08,S1432,67.9231,-39.8142,34.9,GOOD
India,Karnataka,2016-03-09,S1433,-22.4156,109.3732,21.34,GOOD
Australia,Victoria,2016-03-10,S1434,-77.6315,-46.9533,9.99,GOOD
Australia,New South Wales,2016-03-11,S1435,-50.8199,58.2063,29.96,
India,Delhi,2016-03-12,S1436,50.7528,90.6289,27.15,GOOD
Australia,Queensland,2016-03-13,S1437,38.3825,-40.8167,37.1,GOOD
India,Karnataka,2016-03-14,S1438,27.7439,140.0861,27.37,GOOD
India,Delhi,2016-03-15,S1439,38.9515,-82.4606,28.71,GOOD
Australia,Victoria,2016-03-16,S1440,-56.1743,-152.2902,18.94,BAD
USA,Texas,2016-03-17,S1441,53.3235,-82.0994,19.5,GOOD
USA,California,2016-03-18,S1442,-55.6332,70.0707,25.79,GOOD
India,Karnataka,2016-03-19,S1443,56.6892,100.0891,24.58,GOOD
Australia,New South Wales,2016-03-20,S1444,-83.9382,136.5069,17.4,GOOD
Australia,New South Wales,2016-03-21,S1445,-31.8551,143.2509,36.48,GOOD
Australia,New South Wales,2016-03-22,S1446,-72.9148,179.6013,27.68,GOOD
Australia,Victoria,2016-03-23,S1447,89.5731,-93.0613,27.53,GOOD
Australia,Victoria,2016-03-24,S1448,-87.5343,-151.12,26.38,GOOD
India,Karnataka,2016-03-25,S1449,37.1085,-68.7758,,GOOD
Australia,New South Wales,2016-03-26,S1450,-19.6932,-155.0418,23.36,GOOD
India,Karnataka,2016-03-27,S1451,14.1912,25.0144,25.04,GOOD
Australia,New South Wales,2016-03-28,S1452,86.6012,53.8232,23.35,GOOD
India,Maharashtra,2016-03-29,S1453,-8.1424,62.9231,29.48,GOOD
Australia,Queensland,2016-03-30,S1454,35.4844,53.51,29.47,GOOD
USA,Texas,2016-03-31,S1455,-57.7159,73.8501,23.72,GOOD
USA,Texas,2016-04-01,S1456,19.7455,71.8702,32.62,GOOD
USA,Texas,2016-04-02,S1457,68.6908,30.4199,28.79,GOOD
India,Maharashtra,2016-04-03,S1458,36.4752,-156.0501,19.82,GOOD
USA,Texas,2016-04-04,S1459,34.3224,34.8395,26.75,GOOD
India,Karnataka,2016-04-05,S1460,89.5028,-169.1906,23.67,GOOD
USA,California,2016-04-06,S1461,62.5298,-157.5381,26.7,BAD
Australia,Victoria,2016-04-07,S1462,-5.5607,-83.3176,23.35,GOOD
USA,New York,2016-04-08,S1463,84.1971,-21.6934,19.03,BAD
Australia,New South Wales,2016-04-09,S1464,-26.0424,62.6379,15.37,GOOD
India,Maharashtra,2016-04-10,S1465,65.6386,-124.2269,16.66,GOOD
Australia,Queensland,2016-04-11,S1466,14.5258,1.9832,9.66,GOOD
USA,New York,2016-04-12,S1467,-10.4856,174.3244,,GOOD
USA,California,2016-04-13,S1468,8.5028,177.0382,17.03,GOOD
India,Karnataka,2016-04-14,S1469,11.2599,95.4577,32.86,GOOD
USA,New York,2016-04-15,S1470,28.4549,-137.8758,4.65,GOOD
USA,New York,2016-04-16,S1471,72.5936,140.3581,40.9,GOOD
India,Delhi,2016-04-17,S1472,84.6424,155.6362,38.83,GOOD
India,Karnataka,2016-04-18,S1473,-39.8442,-101.2645,25.59,GOOD
India,Maharashtra,2016-04-19,S1474,-64.2598,-45.1626,20.61,BAD
Australia,Queensland,2016-04-20,S1475,62.1218,106.5335,31.67,GOOD
USA,California,2016-04-21,S1476,18.0507,-160.7348,44.84,GOOD
India,Delhi,2016-04-22,S1477,-73.1202,-4.993,43.14,GOOD
USA,New York,2016-04-23,S1478,46.9036,-124.3828,19.75,GOOD
USA,Texas,2016-04-24,S1479,48.5008,-36.7683,19.14,GOOD
USA,Texas,2016-04-25,S1480,1.7737,0.4592,20.21,GOOD
Australia,Queensland,2016-04-26,S1481,-61.0777,-171.0102,16.12,GOOD
USA,California,2016-04-27,S1482,76.0261,70.4249,21.57,BAD
Australia,Queensland,2016-04-28,S1483,49.0989,-94.704,8.62,GOOD
India,Delhi,2016-04-29,S1484,58.8345,8.9048,30.94,
India,Delhi,2016-04-30,S1485,83.0686,60.4324,25.91,GOOD
Australia,New South Wales,2016-05-01,S1486,80.4891,138.5478,30.56,GOOD
USA,Texas,2016-05-02,S1487,32.0605,15.4877,13.3,GOOD
Australia,Queensland,2016-05-03,S1488,-73.9819,177.0106,19.69,GOOD
India,Karnataka,2016-05-04,S1489,-54.2716,-120.6415,32.05,BAD
Australia,New South Wales,2016-05-05,S1490,45.2119,91.3925,25.68,GOOD
USA,New York,2016-05-06,S1491,-79.991,-177.5239,1.07,GOOD
India,Delhi,2016-05-07,S1492,-36.887,-72.4114,31.72,GOOD
India,Maharashtra,2016-05-08,S1493,-12.6076,119.1417,17.25,GOOD
USA,California,2016-05-09,S1494,17.2948,-23.8162,26.83,GOOD
India,Delhi,2016-05-10,S1495,-50.7764,-174.5363,38.7,GOOD
Australia,Queensland,2016-05-11,S1496,-75.1079,-88.5824,40.17,GOOD
India,Maharashtra,2016-05-12,S1497,86.5023,-102.7095,26.76,GOOD
India,Karnataka,2016-05-13,S1498,-71.4123,-117.8914,37.13,GOOD
Australia,New South Wales,2016-05-14,S1499,52.8427,-168.5597,29.82,GOOD
USA,California,2016-05-15,S1500,-50.7132,176.1954,20.4,GOOD
India,Delhi,2016-05-16,S1501,44.1323,-152.4817,21.64,GOOD
Australia,Victoria,2016-05-17,S1502,60.2264,-50.9995,21.09,GOOD
India,Maharashtra,2016-05-18,S1503,13.765,94.2781,28.36,GOOD
India,Delhi,2016-05-19,S1504,-14.263,36.6056,,GOOD
Australia,Victoria,2016-05-20,S1505,21.463,-60.4405,19.72,GOOD
India,Maharashtra,2016-05-21,S1506,-82.0727,69.6007,21.48,GOOD
Australia,New South Wales,2016-05-22,S1507,-81.5785,-64.9253,29.4,GOOD
India,Delhi,2016-05-23,S1508,-50.9479,-76.3181,37.77,GOOD
Australia,Queensland,2016-05-24,S1509,37.8207,-145.5375,22.15,GOOD
Australia,New South Wales,2016-05-25,S1510,-21.669,-66.0288,17.98,GOOD
Australia,Queensland,2016-05-26,S1511,-12.8776,83.3387,16.08,GOOD
Australia,Queensland,2016-05-27,S1512,-21.7727,149.4219,26.87,GOOD
USA,Texas,2016-05-28,S1513,72.2849,-102.5264,23.01,GOOD
Australia,New South Wales,2016-05-29,S1514,80.4161,-35.9236,37.06,GOOD
Australia,New South Wales,2016-05-30,S1515,-55.5962,-14.5257,19.46,GOOD
USA,California,2016-05-31,S1516,-0.5588,150.0991,17.29,GOOD
India,Maharashtra,2016-06-01,S1517,71.6336,-149.714,20.01,GOOD
USA,Texas,2016-06-02,S1518,60.2905,170.8886,33.39,
Australia,Victoria,2016-06-03,S1519,-14.4671,-161.7759,38.24,GOOD
Australia,Victoria,2016-06-04,S1520,11.9187,-177.7473,19.47,GOOD
USA,New York,2016-06-05,S1521,-66.2462,4.7459,33.36,GOOD
Australia,Victoria,2016-06-06,S1522,77.4717,-145.6701,28.46,GOOD
USA,California,2016-06-07,S1523,-30.2403,58.6067,28.76,GOOD
India,Delhi,2016-06-08,S1524,-52.4541,-73.2989,24.03,GOOD
Australia,Victoria,2016-06-09,S1525,-16.478,64.691,39.14,GOOD
India,Maharashtra,2016-06-10,S1526,-43.2309,138.991,24.23,GOOD
Australia,Victoria,2016-06-11,S1527,31.0291,117.3833,21.67,GOOD
India,Maharashtra,2016-06-12,S1528,-41.2841,-150.7573,16.17,GOOD
USA,California,2016-06-13,S1529,52.8873,57.3923,22.35,BAD
India,Delhi,2016-06-14,S1530,-13.0524,-61.0975,21.72,GOOD
India,Maharashtra,2016-06-15,S1531,-66.7486,-144.1633,30.7,GOOD
Australia,Queensland,2016-06-16,S1532,27.3768,101.131,11.65,GOOD
Australia,Queensland,2016-06-17,S1533,-38.1904,-146.4223,26.28,GOOD
Australia,Victoria,2016-06-18,S1534,-44.8056,54.1531,30.47,GOOD
India,Maharashtra,2016-06-19,S1535,89.4437,-113.9571,24.56,GOOD
India,Maharashtra,2016-06-20,S1536,61.5628,-6.2231,17.0,GOOD
USA,California,2016-06-21,S1537,24.0141,109.9893,23.1,GOOD
USA,California,2016-06-22,S1538,8.4053,122.3353,28.08,GOOD
USA,Texas,2016-06-23,S1539,38.6494,-74.3928,35.25,GOOD
USA,New York,2016-06-24,S1540,80.2664,-73.5033,29.83,GOOD
India,Karnataka,2016-06-25,S1541,-67.0006,-20.748,27.39,BAD
USA,Texas,2016-06-26,S1542,56.4182,152.7315,30.06,GOOD
USA,New York,2016-06-27,S1543,26.0825,-76.2294,27.32,GOOD
USA,New York,2016-06-28,S1544,70.9928,116.4983,29.67,GOOD
India,Delhi,2016-06-29,S1545,29.9282,175.9808,9.76,GOOD
Australia,Victoria,2016-06-30,S1546,85.823,-34.299,21.51,GOOD
USA,Texas,2016-07-01,S1547,-32.3951,-8.4739,5.74,GOOD
India,Delhi,2016-07-02,S1548,42.9311,59.9822,34.18,GOOD
India,Delhi,2016-07-03,S1549,-73.3499,100.9252,24.72,GOOD
India,Delhi,2016-07-04,S1550,-67.401,166.8528,21.32,GOOD
Australia,Queensland,2016-07-05,S1551,27.3422,119.6702,11.1,GOOD
Australia,New South Wales,2016-07-06,S1552,-0.3366,68.1517,12.61,GOOD
USA,Texas,2016-07-07,S1553,8.059,-131.1522,27.06,GOOD
Australia,New South Wales,2016-07-08,S1554,-25.4481,148.0821,20.85,GOOD
USA,California,2016-07-09,S1555,36.3793,-60.7132,42.31,GOOD
USA,New York,2016-07-10,S1556,52.2027,-65.5263,26.63,GOOD
Australia,New South Wales,2016-07-11,S1557,-76.1899,-120.2211,28.97,GOOD
Australia,Queensland,2016-07-12,S1558,-8.6244,174.8899,17.18,BAD
USA,Texas,2016-07-13,S1559,-18.5494,-16.0621,24.99,GOOD
India,Maharashtra,2016-07-14,S1560,4.5465,-139.9649,19.8,GOOD
Australia,Victoria,2016-07-15,S1561,42.1858,-104.8209,28.28,GOOD
USA,California,2016-07-16,S1562,-36.8158,10.7893,24.03,GOOD
Australia,New South Wales,2016-07-17,S1563,68.1785,21.0068,21.74,GOOD
Australia,New South Wales,2016-07-18,S1564,0.4484,-107.7224,35.99,GOOD
USA,New York,2016-07-19,S1565,-34.745,-109.729,12.66,BAD
India,Delhi,2016-07-20,S1566,-13.9219,178.4296,17.14,GOOD
USA,California,2016-07-21,S1567,21.2277,-56.935,12.05,GOOD
USA,California,2016-07-22,S1568,-67.1227,-111.8579,9.55,GOOD
USA,Texas,2016-07-23,S1569,57.6878,117.4827,31.96,GOOD
USA,California,2016-07-24,S1570,-9.8304,-174.7558,18.88,BAD
Australia,New South Wales,2016-07-25,S1571,22.6171,25.7788,25.05,GOOD
India,Maharashtra,2016-07-26,S1572,29.974,-151.1619,26.16,GOOD
India,Karnataka,2016-07-27,S1573,-20.3927,-161.5859,20.09,GOOD
Australia,Queensland,2016-07-28,S1574,1.0254,-157.6651,1.56,GOOD
India,Karnataka,2016-07-29,S1575,-43.5413,-139.1254,41.42,BAD
Australia,New South Wales,2016-07-30,S1576,-30.5295,32.1173,29.87,GOOD
India,Delhi,2016-07-31,S1577,46.2165,65.0009,29.19,BAD
India,Karnataka,2016-08-01,S1578,25.5275,-32.116,32.82,GOOD
Australia,Victoria,2016-08-02,S1579,-58.1252,-144.5673,8.15,GOOD
Australia,Queensland,2016-08-03,S1580,-72.5462,-115.5486,37.24,GOOD
Australia,Queensland,2016-08-04,S1581,76.0382,-153.8154,30.32,GOOD
USA,New York,2016-08-05,S1582,59.5121,-99.1233,34.45,GOOD
India,Delhi,2016-08-06,S1583,53.8484,-59.6906,19.98,BAD
Australia,New South Wales,2016-08-07,S1584,70.2248,54.819,28.13,GOOD
USA,California,2016-08-08,S1585,23.9045,96.8112,6.68,GOOD
India,Maharashtra,2016-08-09,S1586,-35.4906,83.1167,11.16,GOOD
Australia,New South Wales,2016-08-10,S1587,-46.1157,56.1252,40.07,BAD
Australia,New South Wales,2016-08-11,S1588,-4.855,-164.4065,16.49,GOOD
Australia,Queensland,2016-08-12,S1589,-54.764,4.743,19.29,GOOD
India,Delhi,2016-08-13,S1590,-57.1048,-65.1438,10.12,GOOD
India,Maharashtra,2016-08-14,S1591,-32.6359,-142.3167,20.16,GOOD
Australia,New South Wales,2016-08-15,S1592,-67.4324,-88.6994,19.63,GOOD
India,Delhi,2016-08-16,S1593,70.3185,34.9003,25.9,GOOD
Australia,New South Wales,2016-08-17,S1594,-41.6164,-108.488,37.47,GOOD
Australia,Queensland,2016-08-18,S1595,-13.23,41.5515,21.49,GOOD
Australia,New South Wales,2016-08-19,S1596,-25.1324,37.7422,32.33,
Australia,Victoria,2016-08-20,S1597,-30.0994,20.6658,30.99,GOOD
India,Karnataka,2016-08-21,S1598,42.4652,-104.9762,33.52,
India,Karnataka,2016-08-22,S1599,-43.8855,-100.5656,29.5,GOOD
India,Maharashtra,2016-08-23,S1600,46.801,-67.4647,25.0,GOOD
Australia,New South Wales,2016-08-24,S1601,-35.3906,101.4807,34.2,GOOD
Australia,New South Wales,2016-08-25,S1602,-52.7728,1.6041,17.11,GOOD
USA,New York,2016-08-26,S1603,-48.1996,-34.0829,22.73,GOOD
Australia,Queensland,2016-08-27,S1604,71.4592,124.6047,29.77,GOOD
India,Karnataka,2016-08-28,S1605,-78.7624,-4.9775,19.93,GOOD
Australia,Queensland,2016-08-29,S1606,64.3016,95.2743,32.92,GOOD
India,Maharashtra,2016-08-30,S1607,-30.309,0.2086,20.3,BAD
Australia,Queensland,2016-08-31,S1608,-9.8263,-149.6681,18.59,
USA,New York,2016-09-01,S1609,-33.6745,129.0623,16.52,GOOD
India,Delhi,2016-09-02,S1610,-59.6055,-160.6915,33.24,GOOD
Australia,Victoria,2016-09-03,S1611,-59.7099,121.1192,31.98,GOOD
India,Delhi,2016-09-04,S1612,59.1676,118.6426,29.82,GOOD
Australia,Queensland,2016-09-05,S1613,75.9945,-128.8821,18.2,GOOD
Australia,Queensland,2016-09-06,S1614,23.6477,-82.5987,32.47,BAD
Australia,Queensland,2016-09-07,S1615,-19.2381,-129.8685,23.22,GOOD
USA,California,2016-09-08,S1616,-84.0118,-136.1203,26.51,GOOD
India,Maharashtra,2016-09-09,S1617,-8.772,132.9029,11.61,GOOD
USA,California,2016-09-10,S1618,31.2384,-130.5498,5.58,GOOD
USA,New York,2016-09-11,S1619,17.289,178.4644,18.04,GOOD
India,Delhi,2016-09-12,S1620,-50.4657,-179.9183,23.17,GOOD
USA,Texas,2016-09-13,S1621,-77.8311,80.6505,29.96,GOOD
India,Karnataka,2016-09-14,S1622,21.8395,78.7385,17.04,GOOD
India,Karnataka,2016-09-15,S1623,-80.3105,-111.6449,23.55,BAD
India,Delhi,2016-09-16,S1624,67.9414,98.3461,24.25,GOOD
USA,New York,2016-09-17,S1625,55.4522,-64.5392,18.43,GOOD
Australia,Queensland,2016-09-18,S1626,37.147,-55.5913,26.99,GOOD
Australia,New South Wales,2016-09-19,S1627,-29.2805,117.9085,12.0,GOOD
USA,California,2016-09-20,S1628,-24.6109,-22.0869,14.29,GOOD
Australia,Queensland,2016-09-21,S1629,81.6125,-158.3183,26.28,GOOD
Australia,Queensland,2016-09-22,S1630,24.2832,-135.4154,16.66,GOOD
USA,New York,2016-09-23,S1631,-68.6411,-118.1245,15.62,GOOD
India,Karnataka,2016-09-24,S1632,-69.1995,121.1115,19.91,GOOD
Australia,Victoria,2016-09-25,S1633,-38.8468,-75.9713,28.36,GOOD
USA,California,2016-09-26,S1634,-34.1445,1.2042,32.46,GOOD
USA,Texas,2016-09-27,S1635,8.4682,-148.5193,7.13,GOOD
USA,Texas,2016-09-28,S1636,-26.5811,-164.484,20.97,BAD
India,Karnataka,2016-09-29,S1637,47.4329,-140.8743,24.24,BAD
Australia,Queensland,2016-09-30,S1638,-63.7162,157.7031,35.52,GOOD
Australia,New South Wales,2016-10-01,S1639,-77.5734,-59.4759,20.48,GOOD
USA,Texas,2016-10-02,S1640,-66.1916,-109.1922,17.24,GOOD
Australia,New South Wales,2016-10-03,S1641,35.2944,-49.4993,21.82,GOOD
Australia,Victoria,2016-10-04,S1642,-15.6407,-108.2356,23.96,GOOD
USA,New York,2016-10-05,S1643,-25.1291,-148.6544,13.92,GOOD
India,Delhi,2016-10-06,S1644,-18.4911,-91.6018,13.57,GOOD
India,Delhi,2016-10-07,S1645,38.6452,-93.521,26.78,GOOD
USA,New York,2016-10-08,S1646,17.8871,-107.545,21.6,GOOD
USA,California,2016-10-09,S1647,14.963,28.4275,23.24,GOOD
India,Delhi,2016-10-10,S1648,-13.7214,-56.8323,23.08,GOOD
India,Maharashtra,2016-10-11,S1649,9.6405,-72.2765,11.64,GOOD
India,Karnataka,2016-10-12,S1650,18.2491,-57.8807,31.92,BAD
India,Maharashtra,2016-10-13,S1651,31.2761,-17.8739,30.26,GOOD
India,Karnataka,2016-10-14,S1652,-53.2684,-74.912,35.6,GOOD
USA,California,2016-10-15,S1653,38.7225,164.5685,13.75,GOOD
USA,Texas,2016-10-16,S1654,-12.8224,-160.6385,43.11,GOOD
USA,California,2016-10-17,S1655,-65.0937,85.7406,30.46,GOOD
Australia,Queensland,2016-10-18,S1656,-28.5046,53.4472,37.15,BAD
USA,California,2016-10-19,S1657,56.8342,35.0325,30.27,GOOD
Australia,New South Wales,2016-10-20,S1658,-25.9032,64.9384,41.9,GOOD
Australia,New South Wales,2016-10-21,S1659,24.3582,-109.2647,36.18,GOOD
India,Maharashtra,2016-10-22,S1660,-11.6287,163.1232,24.26,GOOD
USA,Texas,2016-10-23,S1661,-80.4912,81.3905,23.08,GOOD
India,Karnataka,2016-10-24,S1662,-21.6473,42.1899,27.49,GOOD
USA,California,2016-10-25,S1663,-56.9188,-61.7812,9.88,GOOD
Australia,New South Wales,2016-10-26,S1664,-43.6538,98.791,12.31,GOOD
USA,California,2016-10-27,S1665,10.4708,-55.0792,19.7,GOOD
Australia,New South Wales,2016-10-28,S1666,-29.4618,151.3929,8.48,GOOD
USA,Texas,2016-10-29,S1667,-74.6275,170.0861,25.23,GOOD
USA,California,2016-10-30,S1668,-7.7728,124.4402,22.26,GOOD
USA,New York,2016-10-31,S1669,86.6127,-12.1488,10.88,GOOD
Australia,Queensland,2016-11-01,S1670,79.8801,-89.6795,13.46,GOOD
Australia,Victoria,2016-11-02,S1671,-27.6846,55.3632,9.98,GOOD
USA,California,2016-11-03,S1672,11.6352,5.9859,22.69,BAD
India,Delhi,2016-11-04,S1673,-3.2369,92.7996,28.3,GOOD
USA,California,2016-11-05,S1674,-60.3721,-157.0033,23.62,GOOD
Australia,Victoria,2016-11-06,S1675,45.3187,146.2441,18.11,GOOD
USA,California,2016-11-07,S1676,-27.7454,-167.3225,,GOOD
USA,California,2016-11-08,S1677,71.8648,44.4619,31.27,GOOD
India,Maharashtra,2016-11-09,S1678,-35.8261,-113.7439,17.07,GOOD
India,Maharashtra,2016-11-10,S1679,-82.7399,-62.5787,19.94,GOOD
India,Delhi,2016-11-11,S1680,87.4447,121.8992,34.36,BAD
Australia,Victoria,2016-11-12,S1681,-35.6743,-166.5371,23.46,GOOD
India,Delhi,2016-11-13,S1682,45.2562,158.8804,23.35,GOOD
USA,Texas,2016-11-14,S1683,-51.272,45.8884,31.08,GOOD
India,Karnataka,2016-11-15,S1684,-39.1022,-70.3834,29.76,GOOD
Australia,Queensland,2016-11-16,S1685,-46.9774,46.3942,20.28,GOOD
India,Delhi,2016-11-17,S1686,16.7501,-3.8782,28.65,GOOD
Australia,Victoria,2016-11-18,S1687,-48.5304,-75.8722,30.3,GOOD
India,Karnataka,2016-11-19,S1688,31.3268,-174.0022,18.67,GOOD
USA,Texas,2016-11-20,S1689,15.3534,-87.6913,27.72,GOOD
India,Karnataka,2016-11-21,S1690,64.2304,-11.9239,25.31,GOOD
USA,California,2016-11-22,S1691,-4.4805,-41.0217,36.52,GOOD
Australia,Queensland,2016-11-23,S1692,-84.5251,81.6757,31.33,GOOD
Australia,Queensland,2016-11-24,S1693,84.9322,4.5415,28.29,GOOD
Australia,Victoria,2016-11-25,S1694,-36.3853,100.8173,34.17,GOOD
India,Karnataka,2016-11-26,S1695,57.698,-177.4289,,GOOD
USA,California,2016-11-27,S1696,39.6822,-78.543,39.51,GOOD
India,Maharashtra,2016-11-28,S1697,-65.802,-11.6206,22.26,GOOD
India,Maharashtra,2016-11-29,S1698,12.3178,105.1175,10.56,GOOD
USA,Texas,2016-11-30,S1699,-2.2669,160.3338,22.04,BAD
USA,New York,2016-12-01,S1700,-31.6208,162.7718,25.53,GOOD
Australia,Victoria,2016-12-02,S1701,-75.137,-124.3725,19.94,GOOD
Australia,Victoria,2016-12-03,S1702,83.9805,160.0947,11.36,GOOD
Australia,Victoria,2016-12-04,S1703,55.923,161.413,25.59,
Australia,Queensland,2016-12-05,S1704,41.9689,178.3517,22.44,GOOD
India,Maharashtra,2016-12-06,S1705,-59.5509,171.8844,25.2,GOOD
India,Maharashtra,2016-12-07,S1706,2.7301,176.5027,45.09,GOOD
USA,California,2016-12-08,S1707,71.2307,-169.58,24.68,
India,Karnataka,2016-12-09,S1708,36.9882,-112.4984,24.5,GOOD
India,Delhi,2016-12-10,S1709,-57.2286,4.6306,23.58,GOOD
USA,New York,2016-12-11,S1710,76.6489,57.5976,32.78,GOOD
USA,Texas,2016-12-12,S1711,-67.6041,35.855,35.43,GOOD
USA,California,2016-12-13,S1712,-61.0859,-117.7114,40.67,GOOD
Australia,New South Wales,2016-12-14,S1713,57.9154,-129.9712,26.15,GOOD
Australia,Victoria,2016-12-15,S1714,51.5397,-34.1611,25.68,GOOD
India,Karnataka,2016-12-16,S1715,-88.602,-2.8469,37.76,GOOD
India,Maharashtra,2016-12-17,S1716,-34.2596,157.6173,19.24,GOOD
USA,Texas,2016-12-18,S1717,-50.3838,-88.5655,12.78,GOOD
USA,Texas,2016-12-19,S1718,-50.8585,-47.9956,17.12,GOOD
USA,New York,2016-12-20,S1719,38.9891,-50.8819,18.66,GOOD
India,Delhi,2016-12-21,S1720,-79.037,72.5635,25.81,GOOD
India,Delhi,2016-12-22,S1721,47.9242,-70.5259,25.85,GOOD
Australia,New South Wales,2016-12-23,S1722,-49.471,58.4344,21.27,GOOD
India,Maharashtra,2016-12-24,S1723,-40.5601,-9.2034,10.7,GOOD
India,Maharashtra,2016-12-25,S1724,-80.7902,-96.1709,32.53,GOOD
Australia,Victoria,2016-12-26,S1725,-31.8942,-87.0812,26.54,GOOD
India,Karnataka,2016-12-27,S1726,-35.676,143.9075,21.74,GOOD
India,Karnataka,2016-12-28,S1727,26.3533,-14.9891,10.33,GOOD
Australia,Victoria,2016-12-29,S1728,8.177,-131.9701,25.77,GOOD
USA,New York,2016-12-30,S1729,67.883,10.1481,22.41,GOOD
India,Karnataka,2016-12-31,S1730,-33.1662,43.7467,23.94,GOOD
USA,New York,2017-01-01,S1731,79.7369,39.7354,31.79,GOOD
Australia,Queensland,2017-01-02,S1732,-11.3836,-12.9598,47.13,GOOD
India,Karnataka,2017-01-03,S1733,60.5481,170.7982,27.15,GOOD
USA,Texas,2017-01-04,S1734,74.1273,-21.913,35.64,GOOD
Australia,New South Wales,2017-01-05,S1735,-7.3181,-160.1634,35.57,GOOD
USA,Texas,2017-01-06,S1736,-78.11,170.1246,31.21,GOOD
India,Karnataka,2017-01-07,S1737,29.2018,77.516,24.55,GOOD
USA,California,2017-01-08,S1738,70.3498,-18.3464,27.8,GOOD
Australia,New South Wales,2017-01-09,S1739,-45.9621,-28.3317,18.25,GOOD
USA,California,2017-01-10,S1740,74.0017,115.3827,22.28,GOOD
USA,Texas,2017-01-11,S1741,-73.5564,92.3928,29.0,GOOD
India,Maharashtra,2017-01-12,S1742,61.2627,-173.7006,21.04,GOOD
USA,New York,2017-01-13,S1743,17.3424,-81.2834,21.02,GOOD
USA,California,2017-01-14,S1744,-52.9412,-53.1068,30.98,GOOD
Australia,Queensland,2017-01-15,S1745,83.2919,46.205,36.19,GOOD
India,Maharashtra,2017-01-16,S1746,28.8699,111.3101,32.85,GOOD
USA,California,2017-01-17,S1747,-86.5498,-24.4838,11.83,BAD
India,Delhi,2017-01-18,S1748,-1.0133,149.3406,15.44,GOOD
India,Karnataka,2017-01-19,S1749,-52.5409,91.3393,27.29,BAD
Australia,Queensland,2017-01-20,S1750,74.0939,154.0851,26.38,GOOD
India,Maharashtra,2017-01-21,S1751,-80.0199,119.8923,,BAD
Australia,New South Wales,2017-01-22,S1752,20.463,-99.6889,29.43,BAD
USA,California,2017-01-23,S1753,-56.1055,-70.6554,22.18,GOOD
USA,California,2017-01-24,S1754,-8.574,84.1114,29.27,GOOD
India,Delhi,2017-01-25,S1755,-60.3119,-135.1386,46.54,GOOD
USA,Texas,2017-01-26,S1756,-59.0045,-24.8459,19.27,GOOD
Australia,New South Wales,2017-01-27,S1757,34.52,62.7457,19.49,BAD
Australia,Victoria,2017-01-28,S1758,-21.09,47.0287,30.94,GOOD
Australia,Queensland,2017-01-29,S1759,78.5118,158.6703,19.9,GOOD
India,Delhi,2017-01-30,S1760,74.1975,47.9443,27.96,GOOD
USA,California,2017-01-31,S1761,-22.4422,45.6312,29.67,
India,Delhi,2017-02-01,S1762,-70.6589,-173.9114,20.7,GOOD
USA,Texas,2017-02-02,S1763,-51.9424,-84.5385,30.24,GOOD
USA,California,2017-02-03,S1764,-60.5288,-72.2077,36.62,BAD
USA,Texas,2017-02-04,S1765,-74.0885,-56.7988,25.11,GOOD
USA,New York,2017-02-05,S1766,-39.3341,-154.7753,15.58,BAD
India,Karnataka,2017-02-06,S1767,61.7302,-19.4808,39.56,BAD
USA,New York,2017-02-07,S1768,-36.0226,-167.6148,35.39,GOOD
India,Maharashtra,2017-02-08,S1769,70.3839,112.8992,19.28,GOOD
USA,New York,2017-02-09,S1770,67.2362,-94.869,15.69,
USA,New York,2017-02-10,S1771,-60.748,165.5085,39.65,GOOD
India,Karnataka,2017-02-11,S1772,15.5883,-16.0578,36.54,
USA,Texas,2017-02-12,S1773,68.0361,-83.0917,20.9,GOOD
Australia,New South Wales,2017-02-13,S1774,-15.187,-87.0118,14.15,GOOD
India,Delhi,2017-02-14,S1775,-79.969,148.222,28.32,GOOD
India,Karnataka,2017-02-15,S1776,72.8015,-179.7308,1.79,GOOD
USA,New York,2017-02-16,S1777,-50.8095,-89.8775,27.93,GOOD
USA,Texas,2017-02-17,S1778,-7.8284,-126.2029,16.39,GOOD
India,Delhi,2017-02-18,S1779,-80.8555,-11.4118,0.95,GOOD
India,Delhi,2017-02-19,S1780,23.6011,77.3634,22.64,GOOD
USA,New York,2017-02-20,S1781,-37.9015,-7.335,17.51,BAD
India,Karnataka,2017-02-21,S1782,5.9955,178.5577,25.17,GOOD
USA,Texas,2017-02-22,S1783,-52.7764,153.0232,17.43,GOOD
USA,California,2017-02-23,S1784,58.5792,-127.221,24.34,GOOD
Australia,Queensland,2017-02-24,S1785,22.0585,-68.7896,26.94,GOOD
India,Maharashtra,2017-02-25,S1786,48.9305,-5.8042,30.33,BAD
India,Delhi,2017-02-26,S1787,58.5963,104.8719,29.62,GOOD
USA,Texas,2017-02-27,S1788,86.9148,13.1293,9.18,GOOD
Australia,New South Wales,2017-02-28,S1789,-81.0877,35.7691,33.67,
USA,California,2017-03-01,S1790,-52.1654,-63.5606,31.85,GOOD
Australia,Victoria,2017-03-02,S1791,19.4001,-149.8352,29.6,GOOD
Australia,Queensland,2017-03-03,S1792,86.2105,0.673,26.55,GOOD
USA,California,2017-03-04,S1793,-73.8948,-29.5257,19.79,GOOD
India,Maharashtra,2017-03-05,S1794,-71.7902,44.3296,23.11,GOOD
Australia,Queensland,2017-03-06,S1795,-32.3898,94.734,21.74,GOOD
USA,California,2017-03-07,S1796,-68.9431,-16.8237,14.54,GOOD
India,Maharashtra,2017-03-08,S1797,-4.582,-49.8646,10.36,GOOD
USA,Texas,2017-03-09,S1798,-29.05,-160.0441,44.84,GOOD
USA,California,2017-03-10,S1799,-47.0993,105.8238,31.88,GOOD
India,Maharashtra,2017-03-11,S1800,-59.6053,-14.1578,19.13,BAD
Australia,Victoria,2017-03-12,S1801,9.3082,-51.6388,22.52,GOOD
India,Delhi,2017-03-13,S1802,46.7136,-105.8443,24.21,GOOD
India,Delhi,2017-03-14,S1803,40.0984,160.3105,28.01,GOOD
India,Maharashtra,2017-03-15,S1804,57.7655,-25.6016,16.47,GOOD
Australia,New South Wales,2017-03-16,S1805,-47.8134,-135.5161,44.03,GOOD
India,Karnataka,2017-03-17,S1806,36.4318,57.2047,24.5,GOOD
USA,Texas,2017-03-18,S1807,-20.9902,121.3783,26.93,GOOD
India,Karnataka,2017-03-19,S1808,46.1358,14.2782,9.71,GOOD
USA,Texas,2017-03-20,S1809,-69.8379,125.8072,25.74,GOOD
Australia,New South Wales,2017-03-21,S1810,-72.8552,-170.1106,28.06,GOOD
USA,New York,2017-03-22,S1811,-58.7887,80.9233,24.82,GOOD
Australia,New South Wales,2017-03-23,S1812,76.1713,-174.2933,30.2,GOOD
Australia,Victoria,2017-03-24,S1813,-53.1505,23.9465,18.71,GOOD
India,Maharashtra,2017-03-25,S1814,69.4007,-176.3963,21.97,GOOD
India,Maharashtra,2017-03-26,S1815,-69.0603,169.2421,10.05,GOOD
USA,California,2017-03-27,S1816,89.9729,-179.2137,23.22,GOOD
USA,Texas,2017-03-28,S1817,81.9114,39.9335,22.0,BAD
Australia,New South Wales,2017-03-29,S1818,-2.9357,-66.4007,25.43,GOOD
USA,Texas,2017-03-30,S1819,49.1112,109.1414,32.77,GOOD
USA,New York,2017-03-31,S1820,55.6865,-43.458,22.65,GOOD
Australia,Queensland,2017-04-01,S1821,-26.1124,1.1445,25.32,BAD
USA,California,2017-04-02,S1822,27.1304,132.0557,14.82,GOOD
Australia,New South Wales,2017-04-03,S1823,43.2917,92.4937,26.69,GOOD
USA,California,2017-04-04,S1824,-58.6841,-58.5083,28.58,GOOD
USA,New York,2017-04-05,S1825,31.16,176.6696,20.99,GOOD
USA,New York,2017-04-06,S1826,86.6559,-144.9444,23.53,GOOD
India,Karnataka,2017-04-07,S1827,8.8941,32.7119,26.51,BAD
Australia,Victoria,2017-04-08,S1828,1.5993,-157.5201,36.19,GOOD
India,Maharashtra,2017-04-09,S1829,83.9863,-17.2026,37.77,GOOD
Australia,New South Wales,2017-04-10,S1830,36.576,-172.188,33.08,
Australia,Victoria,2017-04-11,S1831,-87.5675,-49.3683,15.31,GOOD
Australia,New South Wales,2017-04-12,S1832,78.0144,80.4724,28.12,GOOD
India,Maharashtra,2017-04-13,S1833,1.7116,16.4699,7.24,GOOD
India,Karnataka,2017-04-14,S1834,39.0927,13.7141,24.08,GOOD
Australia,Victoria,2017-04-15,S1835,-55.8117,-14.1436,29.53,GOOD
USA,New York,2017-04-16,S1836,-40.7401,172.802,35.75,GOOD
India,Maharashtra,2017-04-17,S1837,-83.2448,24.9229,35.35,GOOD
USA,Texas,2017-04-18,S1838,-78.3181,-12.3388,25.34,BAD
India,Maharashtra,2017-04-19,S1839,-25.7813,-120.8626,28.95,GOOD
Australia,Victoria,2017-04-20,S1840,-52.3173,-165.8097,28.93,BAD
India,Delhi,2017-04-21,S1841,18.0963,10.8188,32.91,BAD
India,Karnataka,2017-04-22,S1842,-39.642,23.3829,22.94,GOOD
USA,California,2017-04-23,S1843,-10.2688,22.1178,12.09,GOOD
Australia,New South Wales,2017-04-24,S1844,82.8393,57.7209,24.08,GOOD
USA,Texas,2017-04-25,S1845,-26.5984,128.3659,31.48,BAD
India,Karnataka,2017-04-26,S1846,0.9208,175.8134,22.32,BAD
Australia,New South Wales,2017-04-27,S1847,41.4234,-40.5914,14.27,GOOD
India,Maharashtra,2017-04-28,S1848,49.4375,22.3721,37.71,GOOD
India,Karnataka,2017-04-29,S1849,-41.6049,-172.4267,30.21,GOOD
Australia,New South Wales,2017-04-30,S1850,-38.1304,37.4114,21.8,GOOD
USA,New York,2017-05-01,S1851,18.1092,-157.5073,22.28,GOOD
India,Karnataka,2017-05-02,S1852,80.6757,-4.7696,30.9,GOOD
USA,California,2017-05-03,S1853,47.9432,56.862,16.41,GOOD
USA,New York,2017-05-04,S1854,-68.9284,10.144,26.99,BAD
India,Karnataka,2017-05-05,S1855,84.6789,-139.5411,25.62,GOOD
USA,New York,2017-05-06,S1856,-50.814,167.7677,38.39,GOOD
India,Karnataka,2017-05-07,S1857,-53.7885,-151.1772,20.28,GOOD
USA,New York,2017-05-08,S1858,-27.2033,152.3407,25.72,GOOD
India,Maharashtra,2017-05-09,S1859,62.1594,81.7786,22.88,GOOD
Australia,Victoria,2017-05-10,S1860,-78.0012,179.4819,21.44,GOOD
Australia,New South Wales,2017-05-11,S1861,72.2936,153.4295,20.54,GOOD
India,Maharashtra,2017-05-12,S1862,19.2552,-112.1401,24.01,GOOD
India,Delhi,2017-05-13,S1863,-74.4991,21.2892,23.31,GOOD
Australia,Queensland,2017-05-14,S1864,-88.4708,93.9622,23.53,GOOD
USA,New York,2017-05-15,S1865,81.9315,-93.5454,15.96,GOOD
USA,California,2017-05-16,S1866,10.8209,-40.8735,27.48,GOOD
India,Maharashtra,2017-05-17,S1867,68.6265,-151.9636,14.81,GOOD
USA,California,2017-05-18,S1868,-74.4084,60.8955,33.32,BAD
USA,California,2017-05-19,S1869,52.2924,-16.5748,9.36,GOOD
Australia,New South Wales,2017-05-20,S1870,48.4394,144.6874,22.19,
India,Delhi,2017-05-21,S1871,4.1915,-137.9708,44.05,GOOD
Australia,Queensland,2017-05-22,S1872,-79.7229,62.2173,26.37,GOOD
USA,Texas,2017-05-23,S1873,-53.8421,-69.9472,26.95,GOOD
USA,California,2017-05-24,S1874,-77.2001,-55.5635,34.45,BAD
USA,New York,2017-05-25,S1875,77.3625,161.2308,30.14,GOOD
India,Karnataka,2017-05-26,S1876,-0.9725,142.1091,18.63,GOOD
Australia,New South Wales,2017-05-27,S1877,33.4283,129.233,26.34,GOOD
Australia,New South Wales,2017-05-28,S1878,-44.7854,-64.5957,21.79,GOOD
USA,California,2017-05-29,S1879,-27.5906,88.7228,31.53,GOOD
Australia,Victoria,2017-05-30,S1880,-27.7871,110.7729,18.88,GOOD
India,Karnataka,2017-05-31,S1881,24.081,-88.8476,34.36,GOOD
USA,Texas,2017-06-01,S1882,34.9437,-174.1951,41.92,GOOD
Australia,Queensland,2017-06-02,S1883,52.2236,-101.5989,28.0,GOOD
Australia,Queensland,2017-06-03,S1884,55.5945,-73.9075,27.22,GOOD
USA,New York,2017-06-04,S1885,63.227,107.4543,,GOOD
India,Karnataka,2017-06-05,S1886,58.274,128.5305,30.57,GOOD
India,Maharashtra,2017-06-06,S1887,-37.5846,98.0163,27.23,GOOD
India,Karnataka,2017-06-07,S1888,-73.8538,166.1557,22.82,GOOD
USA,New York,2017-06-08,S1889,-27.9726,-122.0456,34.87,GOOD
India,Delhi,2017-06-09,S1890,63.6238,85.4543,16.02,GOOD
USA,California,2017-06-10,S1891,40.4876,-138.8938,23.54,GOOD
India,Karnataka,2017-06-11,S1892,-39.5181,-122.4902,34.8,BAD
USA,California,2017-06-12,S1893,85.5157,-96.3757,23.53,GOOD
Australia,Queensland,2017-06-13,S1894,55.2201,-123.5098,25.79,GOOD
India,Delhi,2017-06-14,S1895,-13.298,18.8357,10.24,GOOD
Australia,Victoria,2017-06-15,S1896,-16.1473,-60.1356,35.91,GOOD
India,Delhi,2017-06-16,S1897,83.0901,-67.3759,21.08,GOOD
Australia,Victoria,2017-06-17,S1898,-12.0148,107.8891,19.48,GOOD
Australia,Victoria,2017-06-18,S1899,49.3191,-161.2539,25.33,GOOD
India,Karnataka,2017-06-19,S1900,64.7105,75.5226,24.11,GOOD
Australia,Queensland,2017-06-20,S1901,-47.8615,-158.4269,36.53,GOOD
USA,California,2017-06-21,S1902,72.7405,-123.6495,30.49,GOOD
Australia,Queensland,2017-06-22,S1903,74.6549,-119.8979,23.79,GOOD
USA,Texas,2017-06-23,S1904,-49.1834,155.3365,22.16,GOOD
India,Karnataka,2017-06-24,S1905,23.0326,-80.9315,14.6,GOOD
Australia,New South Wales,2017-06-25,S1906,82.4363,1.1061,9.86,GOOD
India,Karnataka,2017-06-26,S1907,-11.7579,-110.5777,27.49,GOOD
USA,Texas,2017-06-27,S1908,79.7753,155.4233,32.03,GOOD
USA,California,2017-06-28,S1909,1.9229,-8.2626,18.84,GOOD
Australia,Queensland,2017-06-29,S1910,-14.0806,-97.3021,32.71,GOOD
Australia,New South Wales,2017-06-30,S1911,-40.665,108.4191,24.84,GOOD
India,Maharashtra,2017-07-01,S1912,-72.2028,112.3847,15.12,GOOD
Australia,Victoria,2017-07-02,S1913,28.1122,-42.3946,37.19,GOOD
India,Delhi,2017-07-03,S1914,-80.3774,-19.551,30.52,GOOD
India,Maharashtra,2017-07-04,S1915,-34.9833,33.4738,28.38,GOOD
USA,California,2017-07-05,S1916,52.3022,-92.5397,30.19,GOOD
Australia,New South Wales,2017-07-06,S1917,-15.544,-74.5874,22.15,GOOD
USA,New York,2017-07-07,S1918,-14.0706,68.8686,8.9,BAD
USA,California,2017-07-08,S1919,-76.3865,27.7431,25.8,GOOD
USA,California,2017-07-09,S1920,-83.0137,-110.1136,7.44,GOOD
India,Delhi,2017-07-10,S1921,-12.6994,-10.5459,37.8,GOOD
USA,California,2017-07-11,S1922,74.0838,-55.5767,23.18,GOOD
Australia,Victoria,2017-07-12,S1923,48.0183,-53.7686,23.87,GOOD
India,Karnataka,2017-07-13,S1924,-55.5262,1.5348,19.03,GOOD
India,Delhi,2017-07-14,S1925,-48.9301,86.4064,19.71,GOOD
USA,New York,2017-07-15,S1926,21.0393,-178.9518,28.46,GOOD
Australia,Victoria,2017-07-16,S1927,-9.7686,121.0027,31.19,GOOD
USA,Texas,2017-07-17,S1928,26.2884,-125.7801,38.59,GOOD
USA,New York,2017-07-18,S1929,-53.0663,-4.6503,6.48,
India,Delhi,2017-07-19,S1930,-8.0776,20.1283,22.53,GOOD
USA,Texas,2017-07-20,S1931,-11.4153,48.1669,9.88,GOOD
Australia,New South Wales,2017-07-21,S1932,-87.5863,-172.9993,16.23,BAD
USA,New York,2017-07-22,S1933,75.8093,134.7901,12.29,GOOD
USA,California,2017-07-23,S1934,4.3478,-78.1198,17.04,GOOD
USA,California,2017-07-24,S1935,-8.5835,-164.4587,6.42,GOOD
USA,New York,2017-07-25,S1936,-32.1225,179.3642,32.29,GOOD
Australia,Queensland,2017-07-26,S1937,29.5381,10.0971,21.13,GOOD
India,Karnataka,2017-07-27,S1938,51.7818,-68.0268,17.91,GOOD
Australia,Victoria,2017-07-28,S1939,49.1185,-2.9276,,GOOD
USA,New York,2017-07-29,S1940,80.122,-78.2398,20.91,GOOD
USA,Texas,2017-07-30,S1941,75.1966,-108.9184,4.57,
Australia,New South Wales,2017-07-31,S1942,-81.6475,44.6254,31.89,GOOD
Australia,Queensland,2017-08-01,S1943,28.0133,-93.8668,30.94,GOOD
India,Maharashtra,2017-08-02,S1944,-38.2107,85.3429,27.61,GOOD
USA,Texas,2017-08-03,S1945,19.9842,44.7091,34.92,GOOD
Australia,Queensland,2017-08-04,S1946,55.3931,-51.6994,18.47,GOOD
USA,California,2017-08-05,S1947,0.2595,-95.8951,32.47,GOOD
India,Delhi,2017-08-06,S1948,-63.9121,-88.2837,23.76,GOOD
Australia,New South Wales,2017-08-07,S1949,56.2919,15.0337,9.13,GOOD
India,Delhi,2017-08-08,S1950,78.1177,-113.9113,23.81,GOOD
Australia,New South Wales,2017-08-09,S1951,-7.863,-118.5234,29.07,GOOD
India,Maharashtra,2017-08-10,S1952,74.2058,160.5872,27.65,GOOD
USA,California,2017-08-11,S1953,84.9696,129.357,16.62,GOOD
India,Maharashtra,2017-08-12,S1954,69.7695,-47.5737,31.1,GOOD
India,Karnataka,2017-08-13,S1955,84.2602,100.639,9.47,GOOD
Australia,Queensland,2017-08-14,S1956,-59.5575,-63.9181,32.2,GOOD
India,Delhi,2017-08-15,S1957,-18.9099,-88.5488,29.32,BAD
Australia,Queensland,2017-08-16,S1958,-89.9277,110.1208,21.53,GOOD
USA,California,2017-08-17,S1959,-26.1009,-64.5436,38.78,GOOD
USA,New York,2017-08-18,S1960,-80.918,-142.3574,18.53,BAD
India,Delhi,2017-08-19,S1961,-38.9687,161.4331,40.12,GOOD
India,Delhi,2017-08-20,S1962,71.2427,55.1474,25.44,GOOD
Australia,Victoria,2017-08-21,S1963,-37.2735,-45.5255,29.33,GOOD
India,Maharashtra,2017-08-22,S1964,4.7871,-70.8188,20.85,GOOD
Australia,Queensland,2017-08-23,S1965,-68.4141,-64.5361,31.83,BAD
India,Maharashtra,2017-08-24,S1966,43.7096,58.1728,29.43,GOOD
Australia,New South Wales,2017-08-25,S1967,-56.0907,-159.7512,13.99,GOOD
India,Maharashtra,2017-08-26,S1968,-67.8741,43.0446,35.32,GOOD
India,Karnataka,2017-08-27,S1969,-87.5669,-121.6185,25.28,GOOD
India,Maharashtra,2017-08-28,S1970,-47.8442,-82.9316,26.79,GOOD
Australia,Victoria,2017-08-29,S1971,64.0159,5.281,20.75,GOOD
Australia,Queensland,2017-08-30,S1972,-60.5505,-49.4038,9.87,GOOD
India,Karnataka,2017-08-31,S1973,50.03,122.8823,26.44,GOOD
USA,Texas,2017-09-01,S1974,39.9241,-151.1678,13.23,GOOD
USA,Texas,2017-09-02,S1975,-60.7503,142.2122,31.45,GOOD
USA,New York,2017-09-03,S1976,30.53,169.4405,30.38,GOOD
Australia,Victoria,2017-09-04,S1977,-44.2535,117.0486,39.17,GOOD
India,Maharashtra,2017-09-05,S1978,-10.1059,-112.3143,21.68,GOOD
India,Karnataka,2017-09-06,S1979,-80.0803,139.6343,31.01,GOOD
Australia,Queensland,2017-09-07,S1980,3.6821,129.8919,20.21,GOOD
India,Delhi,2017-09-08,S1981,-8.8729,91.2996,20.7,BAD
India,Maharashtra,2017-09-09,S1982,-54.8804,141.3401,29.58,GOOD
USA,New York,2017-09-10,S1983,-37.67,174.1435,28.64,GOOD
India,Maharashtra,2017-09-11,S1984,-22.78,-41.9276,23.86,BAD
India,Karnataka,2017-09-12,S1985,-29.4912,-68.9511,11.49,GOOD
Australia,Victoria,2017-09-13,S1986,-88.5585,-145.7663,38.56,GOOD
USA,California,2017-09-14,S1987,32.1588,-28.4772,30.63,GOOD
India,Karnataka,2017-09-15,S1988,18.6454,1.3032,28.43,GOOD
India,Delhi,2017-09-16,S1989,-67.484,-133.2781,31.37,GOOD
USA,Texas,2017-09-17,S1990,60.647,178.3741,24.07,GOOD
Australia,New South Wales,2017-09-18,S1991,8.8683,89.4099,29.86,GOOD
India,Karnataka,2017-09-19,S1992,52.0883,80.4221,34.48,BAD
USA,California,2017-09-20,S1993,-68.5311,-99.1503,17.48,GOOD
Australia,Victoria,2017-09-21,S1994,-19.1373,-110.9257,28.94,GOOD
USA,New York,2017-09-22,S1995,-81.5967,100.6314,31.67,BAD
USA,Texas,2017-09-23,S1996,5.5251,-88.1163,18.03,GOOD
India,Delhi,2017-09-24,S1997,57.8764,-169.7145,26.83,GOOD
India,Karnataka,2017-09-25,S1998,57.7155,-166.4289,25.02,BAD
Australia,Queensland,2017-09-26,S1999,-49.7199,155.713,39.47,GOOD
